{
  "vehicles": [
    {
      "id": 1,
      "start": [
        2.35044,
        48.71764
      ],
      "end": [
        2.35044,
        48.71764
      ],
      "capacity": [
        4
      ],
      "skills": [
        1,
        14
      ],
      "time_window": [
        1600416000,
        1600430400
      ]
    },
    {
      "id": 2,
      "start": [
        2.35044,
        48.71764
      ],
      "end": [
        2.35044,
        48.71764
      ],
      "capacity": [
        4
      ],
      "skills": [
        2,
        14
      ],
      "time_window": [
        1600416000,
        1600430400
      ],
      "breaks": [
        {
          "id": 2,
          "service": 300,
          "time_windows": [
            [
              1600423200,
              1600425000
            ]
          ]
        }
      ]
    }
  ],
  "jobs": [
    {
      "id": 1,
      "service": 300,
      "delivery": [
        1
      ],
      "location": [
        1.98935,
        48.701
      ],
      "skills": [
        1
      ],
      "time_windows": [
        [
          1600419600,
          1600423200
        ]
      ]
    },
    {
      "id": 2,
      "service": 300,
      "pickup": [
        1
      ],
      "location": [
        2.03655,
        48.61128
      ],
      "skills": [
        1
      ]
    },
    {
      "id": 5,
      "service": 300,
      "delivery": [
        1
      ],
      "location": [
        2.28325,
        48.5958
      ],
      "skills": [
        14
      ]
    },
    {
      "id": 6,
      "service": 300,
      "delivery": [
        1
      ],
      "location": [
        2.89357,
        48.90736
      ],
      "skills": [
        14
      ]
    }
  ],
  "shipments": [
    {
      "amount": [
        1
      ],
      "skills": [
        2
      ],
      "pickup": {
        "id": 4,
        "service": 300,
        "location": [
          2.41808,
          49.22619
        ]
      },
      "delivery": {
        "id": 3,
        "service": 300,
        "location": [
          2.39719,
          49.07611
        ]
      }
    }
  ]
}
