{
  "vehicles": [
    {
      "start": [
        2.35044,
        48.71764
      ],
      "capacity": [
        4
      ],
      "end": [
        2.35044,
        48.71764
      ],
      "id": 1,
      "steps": [
        {
          "type": "start"
        },
        {
          "type": "job",
          "id": 1
        },
        {
          "type": "job",
          "id": 2
        },
        {
          "type": "job",
          "id": 5
        },
        {
          "type": "end"
        }
      ],
      "time_window": [
        1600416000,
        1600426800
      ]
    },
    {
      "start": [
        2.35044,
        48.71764
      ],
      "capacity": [
        4
      ],
      "end": [
        2.35044,
        48.71764
      ],
      "id": 2,
      "steps": [
        {
          "type": "start",
          "service_after": 1600415200
        },
        {
          "type": "job",
          "id": 6
        },
        {
          "type": "job",
          "id": 4
        },
        {
          "type": "job",
          "id": 3
        },
        {
          "type": "end"
        }
      ],
      "time_window": [
        1600416000,
        1600426800
      ]
    }
  ],
  "jobs": [
    {
      "delivery": [
        2
      ],
      "id": 1,
      "service": 300,
      "location": [
        1.98935,
        48.701
      ]
    },
    {
      "delivery": [
        2
      ],
      "id": 2,
      "service": 300,
      "location": [
        2.03655,
        48.61128
      ]
    },
    {
      "delivery": [
        1
      ],
      "id": 3,
      "service": 300,
      "location": [
        2.39719,
        49.07611
      ],
      "time_windows": [
        [
          1600416000,
          1600423200
        ]
      ]
    },
    {
      "delivery": [
        1
      ],
      "id": 4,
      "service": 300,
      "location": [
        2.41808,
        49.22619
      ],
      "time_windows": [
        [
          1600416000,
          1600423200
        ]
      ]
    },
    {
      "delivery": [
        3
      ],
      "id": 5,
      "service": 300,
      "location": [
        2.28325,
        48.5958
      ]
    },
    {
      "delivery": [
        1
      ],
      "id": 6,
      "service": 300,
      "location": [
        2.89357,
        48.90736
      ],
      "time_windows": [
        [
          1600416000,
          1600423200
        ]
      ]
    }
  ]
}
